"id","uid","fid","file_name","mime_type","file_size","timestamp","type","file_path"
"1","437","10595","montaphotobarry4.jpg","image/jpeg","1187228","1467836403","Image","public://import/images/montaphotobarry4_0.jpg"
"2","437","10605","Jamie Searle Headshot.jpg","image/jpeg","616983","1468439262","Image","public://import/images/Jamie Searle Headshot_0.jpg"
"3","437","10560","img_7043.jpg","image/jpeg","762764","1466695261","Image","public://import/images/img_7043.jpg"
"4","437","10415","erin2.jpg","image/jpeg","20211","1492634938","Image","public://import/images/erin5.jpg"
"5","437","10426","erin1.jpg","image/jpeg","65531","1463512486","Image","public://import/images/erin1.jpg"
"6","437","10428","erin3.jpg","image/jpeg","73901","1463512570","Image","public://import/images/erin3_0.jpg"
"7","437","10610","FullSizeRender.jpg","image/jpeg","1406088","1468445505","Image","public://import/images/FullSizeRender_0.jpg"
"8","437","10648","15.jpg","image/jpeg","1923997","1469045308","Image","public://import/images/15.jpg"
"9","437","10644","sterling_witt1.jpg","image/jpeg","138395","1485795424","Image","public://import/images/sterling_witt2.jpg"
"10","437","9016","11143605_851232624958130_6508882144278481379_o.jpg","image/jpeg","112271","1440010809","Image","public://import/images/11143605_851232624958130_6508882144278481379_o.jpg"
"11","437","10727","Stephonne_Singleton-0450.jpg","image/jpeg","3849492","1470667304","Image","public://import/images/Stephonne_Singleton-0450.jpg"
"12","437","10668","5x7 dillon.p.henry headshot 2.jpg","image/jpeg","2441256","1469553908","Image","public://import/images/5x7 dillon.p.henry headshot 2.jpg"
"13","437","8532","margopola.jpg","image/jpeg","452710","1432138968","Image","public://import/images/margopola.jpg"
"14","437","10559","IMG_4284-3.jpg","image/jpeg","10290668","1466631336","Image","public://import/images/IMG_4284-3_1.jpg"
"15","437","10549","img_4421.jpg","image/jpeg","446785","1466541841","Image","public://import/images/img_4421_0.jpg"
"16","437","9528","pic2.jpg","image/jpeg","156900","1449777561","Image","public://import/images/pic2_0.jpg"
"17","437","9529","pic1.jpg","image/jpeg","92390","1449777711","Image","public://import/images/pic1.jpg"
"18","437","9530","pic3.jpg","image/jpeg","428498","1449777748","Image","public://import/images/pic3_0.jpg"
"19","437","9746","hrabko.jpg","image/jpeg","1189065","1453306588","Image","public://import/images/hrabko.jpg"
"20","437","9675","Dragging Nate 440-3.jpg","image/jpeg","677781","1452548838","Image","public://import/images/Dragging Nate 440-3_0.jpg"
"21","437","9568","PFGKv4Aa8RBI8QP1ikGTU7iWpryBgihuiHx2cFE3318,qB7FZOXw3LbQd_i6LOT8-befeRyZ5H82HLuInMVb_7M,VT3vhNLnXUTVwB8u8nOCVXfZd2ecPEb8ffGsv_isV0U~2.jpg","image/jpeg","261321","1450363856","Image","public://import/images/PFGKv4Aa8RBI8QP1ikGTU7iWpryBgihuiHx2cFE3318,qB7FZOXw3LbQd_i6LOT8-befeRyZ5H82HLuInMVb_7M,VT3vhNLnXUTVwB8u8nOCVXfZd2ecPEb8ffGsv_isV0U~2.jpg"
"22","437","9559","ryanstrong1.jpg","image/jpeg","59210","1450299226","Image","public://import/images/ryanstrong1.jpg"
"23","437","9552","image1.JPG","image/jpeg","462271","1450380593","Image","public://import/images/image1.JPG"
"24","437","9475","MissConception Logo Face.jpg","image/jpeg","64065","1449000849","Image","public://import/images/MissConception Logo Face.jpg"
"25","437","9478","Fire G.jpg","image/jpeg","50398","1449001387","Image","public://import/images/Fire G.jpg"
"26","437","9479","Miss Concept Ion.jpg","image/jpeg","35778","1449001422","Image","public://import/images/Miss Concept Ion.jpg"
"27","437","9452","1097258_10201544670116823_1765983788_o.jpg","image/jpeg","211766","1492635152","Image","public://import/images/1097258_10201544670116823_1765983788_o2.jpg"
"28","437","9449","2 ALBUM BACKSIDE.JPG","image/jpeg","1052009","1448392705","Image","public://import/images/2 ALBUM BACKSIDE.JPG"
"29","437","9450","3 ALBUM BACK SIDE.jpg","image/jpeg","33042","1448392745","Image","public://import/images/3 ALBUM BACK SIDE.jpg"
"30","437","9451","black dog photo.jpg","image/jpeg","68792","1448392775","Image","public://import/images/black dog photo_0.jpg"
"31","437","9470","TedKingSmith-3.jpg","image/jpeg","904570","1448917234","Image","public://import/images/TedKingSmith-3.jpg"
"32","437","9334","claire_adams_crowded.jpg","image/jpeg","709723","1445983657","Image","public://import/images/claire_adams_crowded.jpg"
"33","437","10551","IMG_7664edit.jpg","image/jpeg","3164802","1466541906","Image","public://import/images/IMG_7664edit_0.jpg"
"34","437","10516","blkflanl_pic.jpg","image/jpeg","337580","1465853195","Image","public://import/images/blkflanl_pic2.jpg"
"35","437","10521","blkflanl3.jpg","image/jpeg","177748","1465853359","Image","public://import/images/blkflanl3.jpg"
"36","437","8167","kern.JPG","image/jpeg","4946837","1426775254","Image","public://import/images/kern.JPG"
"37","437","8064","Leimer_pic.jpg","image/jpeg","5708706","1425480187","Image","public://import/images/Leimer_pic.jpg"
"38","437","8037","Amado Espinoza ","image/jpeg","119102","1492636491","Image","public://import/images/Amado Espinoza en vivo2.jpg"
"39","437","8034","Guerin_pic.jpg","image/jpeg","54631","1425310237","Image","public://import/images/Guerin_pic_1.jpg"
"40","437","10478","AIXhW9ccnzpauly8hRR6VBI3j1R4cSSpF-RWIkuY7lY.jpeg","image/jpeg","47287","1465236433","Image","public://import/images/AIXhW9ccnzpauly8hRR6VBI3j1R4cSSpF-RWIkuY7lY.jpeg"
"41","437","10446","doby1.jpg","image/jpeg","217535","1464279840","Image","public://import/images/doby1.jpg"
"42","437","10463","doby2.jpg","image/jpeg","326073","1464803164","Image","public://import/images/doby2.jpg"
"43","437","10440","Expo '70 for Justin 9.jpg","image/jpeg","513684","1464113062","Image","public://import/images/Expo '70 for Justin 9.jpg"
"44","437","10441","expo70.jpg","image/jpeg","447732","1464113353","Image","public://import/images/expo70.jpg"
"45","437","10443","expo-70.jpg","image/jpeg","464246","1464113422","Image","public://import/images/expo-70_0.jpg"
"46","437","10546","patrick1.jpg","image/jpeg","202138","1466539709","Image","public://import/images/patrick1.jpg"
"47","437","7945","cosentino.jpg","image/jpeg","571734","1424198870","Image","public://import/images/cosentino.jpg"
"48","437","7944","caleb_myers.jpg","image/jpeg","225144","1424197085","Image","public://import/images/caleb_myers.jpg"
"49","437","7860","AJH.jpg","image/jpeg","348738","1423150854","Image","public://import/images/AJH_0.jpg"
"50","437","7726","IsaacBarkley.jpeg","image/jpeg","224483","1421355302","Image","public://import/images/IsaacBarkley.jpeg"
"51","437","10667","isaac.jpg","image/jpeg","484580","1469553276","Image","public://import/images/isaac.jpg"
"52","437","10818","581663_10200622850827824_1118464252_n.jpg","image/jpeg","95423","1472587376","Image","public://import/images/581663_10200622850827824_1118464252_n.jpg"
"53","437","10854","kristie.jpg","image/jpeg","351048","1473446226","Image","public://import/images/kristie.jpg"
"54","437","10832","picture.jpg","image/jpeg","3743066","1472758008","Image","public://import/images/picture_0.jpg"
"55","437","8678","talltales.JPG","image/jpeg","639304","1435101704","Image","public://import/images/talltales.JPG"
"56","437","8673","Off-Center me drums.jpg","image/jpeg","39518","1435180549","Image","public://import/images/Off-Center me drums.jpg"
"57","437","8681","IMG_4870-2.jpg","image/jpeg","5969297","1435170432","Image","public://import/images/IMG_4870-2.jpg"
"58","437","8614","Kharrington_selfie.jpg","image/jpeg","31594","1433869564","Image","public://import/images/Kharrington_selfie.jpg"
"59","437","8628","Gracie Schram0406_1.jpg","image/jpeg","195827","1492636259","Image","public://import/images/Gracie Schram0406_2.jpg"
"60","437","7949","Calvinwithredteacup.jpg","image/jpeg","88727","1424200589","Image","public://import/images/Calvinwithredteacup.jpg"
"61","437","8539","Reach.jpg","image/jpeg","111408","1432154918","Image","public://import/images/Reach.jpg"
"62","437","8475","bodyshot.jpg","image/jpeg","49449","1492636371","Image","public://import/images/bodyshot2_0.jpg"
"63","437","8441","brivik.jpg","image/jpeg","862840","1430253099","Image","public://import/images/brivik.jpg"
"64","437","10403","Via-Luna-683x1024.jpg","image/jpeg","307324","1462819380","Image","public://import/images/Via-Luna-683x1024.jpg"
"65","437","10405","12694710_935537559887298_8158175587314261810_o.jpg","image/jpeg","470450","1462819726","Image","public://import/images/12694710_935537559887298_8158175587314261810_o_1.jpg"
"66","437","9225","Ivory Black11.jpg","image/jpeg","2986082","1444847082","Image","public://import/images/Ivory Black11.jpg"
"67","437","9226","IMG_7370.jpg","image/jpeg","78661","1444847199","Image","public://import/images/IMG_7370.jpg"
"68","437","9331","zane_winter.jpg","image/jpeg","96913","1445974819","Image","public://import/images/zane_winter.jpg"
"69","437","9328","Shao Zheng Portrait High Resolution.jpg","image/jpeg","900847","1492635265","Image","public://import/images/Shao Zheng Portrait High Resolution2.jpg"
"70","437","9330","1349093998 (1).png","image/png","820507","1445970853","Image","public://import/images/1349093998 (1).png"
"71","437","9317","IMG_7506.jpg","image/jpeg","1938889","1492635567","Image","public://import/images/IMG_7506-2.jpg"
"72","437","8168","quinn.jpg","image/jpeg","2106343","1426779212","Image","public://import/images/quinn.jpg"
"73","437","9365","teri_quinn.jpg","image/jpeg","7491102","1446658171","Image","public://import/images/teri_quinn.jpg"
"74","437","9309","9G3A7893y.jpg","image/jpeg","2249072","1445890952","Image","public://import/images/9G3A7893y_0.jpg"
"75","437","9311","12144051_889223534500748_1736434537_n.jpg","image/jpeg","33681","1445891576","Image","public://import/images/12144051_889223534500748_1736434537_n_0.jpg"
"76","437","9313","11849816_1137652076262318_625640928_n.jpg","image/jpeg","57151","1445891663","Image","public://import/images/11849816_1137652076262318_625640928_n.jpg"
"77","437","10371","windowshopper.jpg","image/jpeg","37281","1462372491","Image","public://import/images/windowshopper_0.jpg"
"78","437","10374","photo.jpg","image/jpeg","66942","1462374288","Image","public://import/images/photo.jpg"
"79","437","10372","Rachel-Mallin-and-the-Wild-Type-1024x683.jpg","image/jpeg","96822","1462372668","Image","public://import/images/Rachel-Mallin-and-the-Wild-Type-1024x683.jpg"
"80","437","10316","ebony_color1_crop.jpg","image/jpeg","107312","1461788201","Image","public://import/images/ebony_color1_crop.jpg"
"81","437","10311","_MG_5602bw.jpg","image/jpeg","6105676","1461706432","Image","public://import/images/_MG_5602bw.jpg"
"82","437","10277","Second Hand King - Pitch - 4 (1).jpg","image/jpeg","7163192","1461007174","Image","public://import/images/Second Hand King - Pitch - 4 (1).jpg"
"83","437","10240","KRoth.jpg","image/jpeg","62024","1492635033","Image","public://import/images/KRoth2.jpg"
"84","437","10207","shadow-Pic2.jpg","image/jpeg","104339","1459459222","Image","public://import/images/shadow-Pic2_0.jpg"
"85","437","10209","shadow_pic1.jpg","image/jpeg","65787","1459459318","Image","public://import/images/shadow_pic1_2.jpg"
"86","437","10145","Yan_pic.jpg","image/jpeg","52687","1458927544","Image","public://import/images/Yan_pic.jpg"
"87","437","10133","img_4742.jpg","image/jpeg","649721","1458741037","Image","public://import/images/img_4742_0.jpg"
"88","437","10130","Ryan Headshot.jpg","image/jpeg","2232309","1458687017","Image","public://import/images/Ryan Headshot.jpg"
"89","437","10135","Neal Headshot.jpg","image/jpeg","544584","1458741106","Image","public://import/images/Neal Headshot_1.jpg"
"90","437","10101","SB Headshop.jpg","image/jpeg","43049","1458066878","Image","public://import/images/SB Headshop.jpg"
"91","437","10059","various blonde1-1.jpg","image/jpeg","118132","1457543487","Image","public://import/images/various blonde1-1.jpg"
"92","437","10058","josh allen red coat.jpg","image/jpeg","215698","1457543249","Image","public://import/images/josh allen red coat_1.jpg"
"93","437","9980","IMG_1338.JPG","image/jpeg","241187","1456857866","Image","public://import/images/IMG_1338.JPG"
"94","437","9952","Matshoare.jpg","image/jpeg","71480","1456269888","Image","public://import/images/Matshoare.jpg"
"95","437","9164","Butera_Christina_GAF.jpeg","image/jpeg","43967","1492635885","Image","public://import/images/Butera_Christina_GAF2_0.jpg"
"96","437","9144","avatars-000160094519-xmaeo8-t500x500.jpg","image/jpeg","89159","1443021607","Image","public://import/images/avatars-000160094519-xmaeo8-t500x500.jpg"
"97","437","9141","fusebox_members.JPG","image/jpeg","262925","1442953096","Image","public://import/images/fusebox_members.JPG"
"98","437","9146","rapier.jpg","image/jpeg","113948","1492635991","Image","public://import/images/rapier2.jpg"
"99","437","9138","Larry2a, Missouri Town, 10-5-09.jpg","image/jpeg","56522","1442950644","Image","public://import/images/Larry2a, Missouri Town, 10-5-09.jpg"
"100","437","9255","ingram_pic2.jpg","image/jpeg","90214","1492635704","Image","public://import/images/ingram_pic2-2.jpg"
"101","437","9257","Ingram_uniform.jpg","image/jpeg","21862","1445454841","Image","public://import/images/Ingram_uniform.jpg"
"102","437","9218","wang_pic.jpg","image/jpeg","47669","1444767096","Image","public://import/images/wang_pic.jpg"
"103","437","9203","Main2.jpg","image/jpeg","403040","1444753080","Image","public://import/images/Main2.jpg"
"104","437","9198","alyssa_murray.jpg","image/jpeg","75462","1444658471","Image","public://import/images/alyssa_murray.jpg"
"105","437","9176","else_rae.jpg","image/jpeg","464454","1444155015","Image","public://import/images/else_rae.jpg"
"106","437","9107","shades1.jpg","image/jpeg","13086635","1441978746","Image","public://import/images/shades1.jpg"
"107","437","9882","BC-bldg-adj.jpg","image/jpeg","2740242","1455571307","Image","public://import/images/BC-bldg-adj.jpg"
"108","437","9114","shades3.jpg","image/jpeg","9536149","1441983513","Image","public://import/images/shades3.jpg"
"109","437","9842","photo.JPG","image/jpeg","211478","1454711780","Image","public://import/images/photo.JPG"
"110","437","10913","carswellhope-band-photo2.jpg","image/jpeg","199822","1474996716","Image","public://import/images/carswellhope-band-photo2.jpg"
"111","437","10944","YesYouAre.jpg","image/jpeg","410726","1475530052","Image","public://import/images/YesYouAre.jpg"
"112","437","10968","profile pic 3.JPG","image/jpeg","4131395","1476133144","Image","public://import/images/profile pic 3.JPG"
"113","437","10973","profile pic.JPG","image/jpeg","5177509","1476134578","Image","public://import/images/profile pic.JPG"
"114","437","10972","profile pic 2.JPG","image/jpeg","4821679","1476134537","Image","public://import/images/profile pic 2.JPG"
"115","437","8233","FBme.jpg","image/jpeg","49782","1427725533","Image","public://import/images/FBme.jpg"
"116","437","8713","Scott_Steele.JPG","image/jpeg","3361005","1435854307","Image","public://import/images/Scott_Steele.JPG"
"117","437","8731","CDbioimage1.jpg","image/jpeg","43203","1436308095","Image","public://import/images/CDbioimage1.jpg"
"118","437","8727","thomhoskins.com_.JPG","image/jpeg","3530711","1436295019","Image","public://import/images/thomhoskins.com_.JPG"
"119","437","8754","hat.jpg","image/jpeg","90248","1436534874","Image","public://import/images/hat.jpg"
"120","437","9087","listen_local2.jpg","image/jpeg","132735","1441290869","Image","public://import/images/listen_local2.jpg"
"121","437","8879","amb_image.php_.jpg","image/jpeg","48845","1437666302","Image","public://import/images/amb_image.php_.jpg"
"122","437","8873","bio 2.jpg","image/jpeg","100739","1437162220","Image","public://import/images/bio 2.jpg"
"123","437","8868","11081169_10203870877594567_6325756362231360813_n.jpg","image/jpeg","112361","1437146624","Image","public://import/images/11081169_10203870877594567_6325756362231360813_n.jpg"
"124","437","8436","codykauhlheadshot.jpg","image/jpeg","2661950","1430248543","Image","public://import/images/codykauhlheadshot.jpg"
"125","717","9001","Ingrid Stolzel Headshot photo credit Cristian Fatu.jpg","image/jpeg","833752","1492636159","Image","public://import/images/Ingrid Stolzel Headshot photo credit Cristian Fatu2.jpg"
"126","437","8464","2014 10 5 Faulkner's Ranch B_2.jpg","image/jpeg","120004","1492636614","Image","public://import/images/2014 10 5 Faulkner's Ranch B_2_3.jpg"
"127","437","7728","Kate.jpg","image/jpeg","19677","1421361830","Image","public://import/images/Kate.jpg"
"128","437","8989","JOCOPHOTO(1).jpg","image/jpeg","88817","1439943033","Image","public://import/images/JOCOPHOTO(1).jpg"
"129","437","8309","IMG_4972.JPG","image/jpeg","164023","1428438465","Image","public://import/images/IMG_4972_0.JPG"
"130","437","8346","LewisandClarkENR2011.jpg","image/jpeg","113073","1429034131","Image","public://import/images/LewisandClarkENR2011.jpg"
"131","437","8225","dane-davenport-profile.jpg","image/jpeg","507211","1427492179","Image","public://import/images/dane-davenport-profile.jpg"
"132","437","8442","sproul.JPG","image/jpeg","1195283","1430254948","Image","public://import/images/sproul.JPG"
"133","437","8350","412469_1497820404202_1054119412_o.jpg","image/jpeg","59532","1429037111","Image","public://import/images/412469_1497820404202_1054119412_o.jpg"
"134","437","8440","11018857_10204978682160101_4926196001951047757_n.jpg","image/jpeg","29647","1430251727","Image","public://import/images/11018857_10204978682160101_4926196001951047757_n.jpg"
"135","437","9007","martha-haehl21.jpg","image/jpeg","25367","1439842728","Image","public://import/images/martha-haehl21.jpg"
"136","437","8865","photo 3.JPG","image/jpeg","775035","1437665963","Image","public://import/images/photo 3.JPG"
"137","437","8274","una (2).jpg","image/jpeg","53449","1427844097","Image","public://import/images/una (2).jpg"
"138","437","9032","IMG_1342.JPG","image/jpeg","623952","1440623751","Image","public://import/images/IMG_1342.JPG"
"139","437","10894","PurpleHeadshot.jpg","image/jpeg","1806285","1474478079","Image","public://import/images/PurpleHeadshot.jpg"
"140","437","11011","ArchedBack.jpg","image/jpeg","66258","1477074984","Image","public://import/images/ArchedBack.jpg"
"141","437","11012","3D.jpg","image/jpeg","69687","1477075162","Image","public://import/images/3D_1.jpg"
"142","437","11053","IMG_0956.JPG","image/jpeg","62670","1477598022","Image","public://import/images/IMG_0956.JPG"
"143","437","11083","yarsulik.JPG","image/jpeg","633365","1478182663","Image","public://import/images/yarsulik.JPG"
"144","437","11106","_ME72732.jpg","image/jpeg","631816","1478640243","Image","public://import/images/_ME72732.jpg"
"145","437","11122","Victor-Penny_3_Paul_Andrews_2016.jpeg","image/jpeg","2858466","1479406001","Image","public://import/images/Victor-Penny_3_Paul_Andrews_2016.jpeg"
"146","437","11126","BW.jpg","image/jpeg","939401","1479406411","Image","public://import/images/BW.jpg"
"147","437","11130","mackenzie_reed.jpg","image/jpeg","39812","1479740329","Image","public://import/images/mackenzie_reed.jpg"
"148","437","11326","violent_bear3.jpg","image/jpeg","237519","1485537687","Image","public://import/images/violent_bear3.jpg"
"149","437","11169","case cover.jpg","image/jpeg","72113","1481321136","Image","public://import/images/case cover_0.jpg"
"150","437","11171","violent_bear1.jpg","image/jpeg","142444","1481321212","Image","public://import/images/violent_bear1_0.jpg"
"151","437","11167","records with merritt.jpg","image/jpeg","86960","1481306860","Image","public://import/images/records with merritt.jpg"
"152","437","11183","PROFILE PIC HIGHWES.jpg","image/jpeg","879781","1481823751","Image","public://import/images/PROFILE PIC HIGHWES.jpg"
"153","437","11186","IMG_1123.JPG","image/jpeg","151723","1481824229","Image","public://import/images/IMG_1123.JPG"
"154","437","11325","Wade D.Brown3_.jpg","image/jpeg","134699","1485537570","Image","public://import/images/Wade D.Brown3_.jpg"
"155","437","11245","pic1_crop.jpg","image/jpeg","366674","1483037287","Image","public://import/images/pic1_crop.jpg"
"156","437","11248","emmaline.jpg","image/jpeg","245426","1483039825","Image","public://import/images/emmaline.jpg"
"157","437","11324","aaron_hill3.jpg","image/jpeg","32489","1485537378","Image","public://import/images/aaron_hill3.jpg"
"158","437","11274","uks.jpg","image/jpeg","6101607","1484151687","Image","public://import/images/uks.jpg"
"159","437","11275","uks2.jpg","image/jpeg","144209","1484151986","Image","public://import/images/uks2.jpg"
"160","437","11291","EFD Crisanti #1.jpg","image/jpeg","3687066","1484757002","Image","public://import/images/EFD Crisanti #1.jpg"
"161","437","11316","MTM-promo-photo2.jpg","image/jpeg","842981","1485371949","Image","public://import/images/MTM-promo-photo2.jpg"
"162","437","11331","TH.jpg","image/jpeg","1063694","1485792784","Image","public://import/images/TH.jpg"
"163","437","11334","LQYY.jpg","image/jpeg","945271","1485794702","Image","public://import/images/LQYY.jpg"
"164","437","11335","EE.jpg","image/jpeg","898874","1485794972","Image","public://import/images/EE.jpg"
"165","437","11337","BandH.jpg","image/jpeg","1066546","1485795231","Image","public://import/images/BandH.jpg"
"166","437","11359","kate_rose2.jpg","image/jpeg","115657","1485968552","Image","public://import/images/kate_rose2.jpg"
"167","437","11366","kate_rose2.jpg","image/jpeg","347782","1485987307","Image","public://import/images/kate_rose3.jpg"
"168","437","11377","darkpromo2.jpg","image/jpeg","400298","1486672418","Image","public://import/images/darkpromo2-1.jpg"
"169","437","11401","darkpromo2.jpg","image/jpeg","301064","1486672001","Image","public://import/images/darkcover5.jpg"
"170","437","11407","Anqi_liu.jpg","image/jpeg","3760400","1486762356","Image","public://import/images/Anqi_liu.jpg"
"171","437","11409","anqi3.jpg","image/jpeg","119381","1486763109","Image","public://import/images/anqi3.jpg"
"172","437","11431","black creatures.jpg","image/jpeg","1224420","1487697145","Image","public://import/images/black creatures.jpg"
"173","437","11441","NYesil_PressShot.jpg","image/jpeg","2037394","1488479729","Image","public://import/images/NYesil_PressShot2.jpg"
"174","437","11499","NYesil_PressShot.jpg","image/jpeg","6330806","1488479902","Image","public://import/images/NYesil_PressShot.jpg"
"175","437","11490","MtAsther.jpg","image/jpeg","241527","1488404417","Image","public://import/images/MtAsther.jpg"
"176","437","11526","of_tree.jpg","image/jpeg","37030","1488984097","Image","public://import/images/of_tree.jpg"
"177","437","11576","amy_marcus.jpg","image/jpeg","976457","1489584829","Image","public://import/images/amy_marcus5.jpg"
"178","437","11579","amy_marcus.jpg","image/jpeg","1297174","1489513226","Image","public://import/images/amy_marcus.jpg"
"179","437","11614","sr pic2.jpg","image/jpeg","440589","1490276987","Image","public://import/images/sr pic2-3.jpg"
"180","437","11646","sr pic2-2.jpg","image/jpeg","508834","1490277038","Image","public://import/images/sr pic2-2.jpg"
"181","437","11672","CROSE.JPG","image/jpeg","68157","1490709833","Image","public://import/images/CROSE.JPG"
"182","437","11693","tiny-escalators.jpg","image/jpeg","2263105","1491403497","Image","public://import/images/tiny-escalators2.jpg"
"183","437","11708","FB_IMG_1489628106456.jpg","image/jpeg","36125","1492092997","Image","public://import/images/FB_IMG_1489628106456-2.jpg"
"184","437","11710","17759917_741017429341_1083745245585434027_n.jpg","image/jpeg","72655","1491582193","Image","public://import/images/17759917_741017429341_1083745245585434027_n.jpg"
"185","437","11732","FB_IMG_1489628106456.jpg","image/jpeg","33447","1492093098","Image","public://import/images/FB_IMG_1489628106456.jpg"
"186","437","11743","Keaton-Conrad.jpg","image/jpeg","67113","1492634578","Image","public://import/images/Keaton-Conrad2.jpg"
"187","437","11755","Keaton-Conrad.jpg","image/jpeg","102106","1492634377","Image","public://import/images/Keaton-Conrad.jpg"
"188","437","11760","Scout_pic2.jpg","image/jpeg","353294","1493221181","Image","public://import/images/Scout_pic3.jpg"
"189","437","11764","13494752_1041669809244191_3090876704702997288_n.jpg","image/jpeg","112054","1493053077","Image","public://import/images/13494752_1041669809244191_3090876704702997288_n.jpg"
"190","437","11765","scout4.jpg","image/jpeg","134694","1493053369","Image","public://import/images/scout4.jpg"
"191","437","11780","shadow_rabbits.jpg","image/jpeg","18593","1493660869","Image","public://import/images/shadow_rabbits.jpg"
"192","437","11782","IMG_-z7rzvc.jpg","image/jpeg","121118","1493837799","Image","public://import/images/IMG_-z7rzvc2.jpg"
"193","437","11794","960DBBBE-ABA7-453D-87E9-E005DB32E45E.jpg","image/jpeg","1675837","1494001778","Image","public://import/images/960DBBBE-ABA7-453D-87E9-E005DB32E45E.jpg"
"194","437","11804","0009584543_10.jpg","image/jpeg","62977","1494276656","Image","public://import/images/0009584543_10.jpg"
"195","437","11818","chloe-33-2.jpg","image/jpeg","218423","1495055673","Image","public://import/images/chloe-16-3.jpg"
"196","437","11825","chloe-33-2.jpg","image/jpeg","6697163","1494951629","Image","public://import/images/chloe-33-2.jpg"
"197","437","11845","_MG_4716.jpg","image/jpeg","83524","1495056628","Image","public://import/images/uproot_overhead3.jpg"
"198","437","11849","_MG_4716.jpg","image/jpeg","866839","1495139498","Image","public://import/images/_MG_4716.jpg"
"199","437","11859","received_10158605525625393.jpg","image/jpeg","118699","1495643606","Image","public://import/images/Screenshot_2017-05-24-08-50-51-1-1-1.jpg"
"200","437","11868","17103701_10158570344780393_6747719639811028849_n.jpg","image/jpeg","66900","1495645335","Image","public://import/images/17103701_10158570344780393_6747719639811028849_n_0.jpg"
"201","437","11874","final.jpg","image/jpeg","752394","1495653306","Image","public://import/images/final2.jpg"
"202","437","11876","final.jpg","image/jpeg","4533164","1495653352","Image","public://import/images/final.jpg"
"203","437","11896","CV1.jpg","image/jpeg","83109","1496936943","Image","public://import/images/CV1-1.jpg"
"204","437","11913","LLL-pic.jpg","image/jpeg","13135","1497302217","Image","public://import/images/LLL-pic.jpg"
"205","437","11925","EIO at Silo City.jpg","image/jpeg","140690","1497461802","Image","public://import/images/EIO at Silo City2.jpg"
"206","437","11986","lauren.jpg","image/jpeg","104407","1497991301","Image","public://import/images/lauren2.jpg"
"207","437","11992","lauren.jpg","image/jpeg","154814","1497991380","Image","public://import/images/lauren.jpg"
"208","437","12001","Sweet Martha1.jpg","image/jpeg","45611","1498758211","Image","public://import/images/a0572857339_2-2.jpg"
"209","437","12014","Sweet Martha1.jpg","image/jpeg","91422","1498758246","Image","public://import/images/Sweet Martha1.jpg"
"210","437","12038","George.jpg","image/jpeg","699707","1499117998","Image","public://import/images/George_0.jpg"
"211","437","12045","shapiro_brothers.jpg","image/jpeg","16426","1499278995","Image","public://import/images/shapirobrothers.jpg"
"212","437","12062","The Good Hearts.jpg","image/jpeg","664113","1499960266","Image","public://import/images/The Good Hearts2.jpg"
"213","437","12068","good_hearts3.jpg","image/jpeg","106571","1499885359","Image","public://import/images/good_hearts3.jpg"
"214","437","12071","The Good Hearts.jpg","image/jpeg","438964","1499960411","Image","public://import/images/The Good Hearts.jpg"
"215","437","12127","1376660246_10151619756986418_387577513_n.jpg","image/jpeg","98996","1500480852","Image","public://import/images/1376660246_10151619756986418_387577513_n.jpg"
"216","437","12158","P1190238 copy.jpg","image/jpeg","116634","1501097212","Image","public://import/images/NatalieBatesQuartet_BlackGold copy.jpg"
"217","437","12185","IMG_0454 (2).JPG","image/jpeg","505261","1501691373","Image","public://import/images/IMG_0454 (2).JPG"
"218","437","12186","The B Sharps.jpg","image/jpeg","101028","1501692320","Image","public://import/images/The B Sharps.jpg"
"219","437","12197","DSC_6523-Edit.jpg","image/jpeg","10479227","1502137177","Image","public://import/images/DSC_6523-Edit.jpg"
"220","437","12198","11025731_902694166448279_4359020322569125548_n.jpg","image/jpeg","39455","1502137814","Image","public://import/images/11025731_902694166448279_4359020322569125548_n.jpg"
"221","437","12238","Beautiful Dying Sabrina Staires 201620000101_0094.jpg","image/jpeg","596391","1503508617","Image","public://import/images/Beautiful Dying Sabrina Staires 201620000101_0094.jpg"
