"id","uid","fid","file_name","mime_type","file_size","timestamp","file_type","file_path"
"1","1520","11840","Cindy.jpg","image/jpeg","41840","1494970756","Image","public://import/images/Cindy.jpg"
"2","1519","11841","Joyce.jpg","image/jpeg","40772","1494970834","Image","public://import/images/Joyce.jpg"
"3","1467","12149","Ingrid.png","image/png","166045","1500650901","Image","public://import/images/Ingrid.png"
"4","1465","12151","Dylan.png","image/png","147546","1500651004","Image","public://import/images/Dylan.png"
"5","1459","11842","Mickey.jpg","image/jpeg","38213","1494970944","Image","public://import/images/Mickey.jpg"
"6","1443","11636","Ivanka.png","image/png","180940","1490124183","Image","public://import/images/Ivanka.png"
"7","1415","12153","Bobbi.png","image/png","234942","1500663208","Image","public://import/images/Bobbi.png"
"8","1399","11632","Jessica.png","image/png","151776","1490123773","Image","public://import/images/Jessica.png"
"9","1398","11394","KatieYP.png","image/png","169745","1486581113","Image","public://import/images/KatieYP.png"
"10","1397","11309","Jen_Partusch.png","image/png","188828","1484928549","Image","public://import/images/Jen_Partusch.png"
"11","1396","11310","Tami_Thomas.png","image/png","150323","1484928608","Image","public://import/images/Tami_Thomas.png"
"12","1374","11311","Julia_Belcher.png","image/png","173475","1484928677","Image","public://import/images/Julia_Belcher.png"
"13","1349","11634","Samantha.png","image/png","223892","1490123899","Image","public://import/images/Samantha.png"
"14","1331","10766","cristm.jpg","image/jpeg","107147","1471872673","Image","public://import/images/cristm.jpg"
"15","1330","10765","devoree.jpg","image/jpeg","75889","1471872572","Image","public://import/images/devoree.jpg"
"16","1329","10761","Axel.jpg","image/jpeg","33699","1471554385","Image","public://import/images/Axel.jpg"
"17","1327","11485","Maryana.png","image/png","174340","1488393544","Image","public://import/images/Maryana.png"
"18","1325","10617","Lacie2.jpg","image/jpeg","62336","1468598103","Image","public://import/images/Lacie2.jpg"
"19","1280","10536","Thomas.jpg","image/jpeg","52950","1466449449","Image","public://import/images/Thomas.jpg"
"20","1279","10369","KristenH-R.jpg","image/jpeg","43984","1462305112","Image","public://import/images/KristenH-R.jpg"
"21","1222","10472","Allison.jpg","image/jpeg","44272","1464982143","Image","public://import/images/Allison.jpg"
"22","1218","10261","Kari.jpg","image/jpeg","88084","1460639413","Image","public://import/images/Kari.jpg"
"23","1216","10875","Sheida.png","image/png","174173","1473969739","Image","public://import/images/Sheida.png"
"24","1215","9867","Jackie.jpg","image/jpeg","58344","1455056501","Image","public://import/images/Jackie.jpg"
"25","1211","10024","RitaG.jpg","image/jpeg","54687","1457456006","Image","public://import/images/RitaG.jpg"
"26","1210","10417","AmandaC.jpg","image/jpeg","48865","1463059339","Image","public://import/images/AmandaC.jpg"
"27","1209","10607","Cassandra.jpg","image/jpeg","52231","1468440704","Image","public://import/images/Cassandra_0.jpg"
"28","1180","9235","MichelleRa.jpg","image/jpeg","51924","1445010307","Image","public://import/images/MichelleRa.jpg"
"29","1179","9237","Edward.jpg","image/jpeg","40193","1445010422","Image","public://import/images/Edward.jpg"
"30","1178","9239","Christin.jpg","image/jpeg","51064","1445010708","Image","public://import/images/Christin.jpg"
"31","1177","9241","Nick.jpg","image/jpeg","48412","1445010841","Image","public://import/images/Nick.jpg"
"32","1157","8705","Sam.jpg","image/jpeg","38439","1435697577","Image","public://import/images/Sam.jpg"
"33","1156","8836","MaryR.jpg","image/jpeg","61086","1436885682","Image","public://import/images/MaryR_1.jpg"
"34","925","11843","Kathryn.jpg","image/jpeg","36395","1494971033","Image","public://import/images/Kathryn.jpg"
"35","897","9576","Dawna.jpg","image/jpeg","93748","1450466303","Image","public://import/images/Dawna.jpg"
"36","896","10123","Tad.jpg","image/jpeg","98568","1458657432","Image","public://import/images/Tad_0.jpg"
"37","888","8369","Cheryl_M.jpg","image/jpeg","40372","1429211326","Image","public://import/images/Cheryl_M.jpg"
"38","887","9117","LaurenMartin.jpg","image/jpeg","63054","1442002280","Image","public://import/images/LaurenMartin.jpg"
"39","870","7690","Christina.jpg","image/jpeg","71880","1420840068","Image","public://import/images/Christina.jpg"
"40","860","7606","MeganM-J.jpg","image/jpeg","44410","1418832169","Image","public://import/images/MeganM-J.jpg"
"41","839","7277","Heather.jpg","image/jpeg","42942","1412873047","Image","public://import/images/Heather.jpg"
"42","838","7279","SarahM.jpg","image/jpeg","51218","1412873188","Image","public://import/images/SarahM.jpg"
"43","831","7121","BrianB.jpg","image/jpeg","30437","1410460919","Image","public://import/images/BrianB.jpg"
"44","829","6899","Christopher.jpg","image/jpeg","32518","1408048663","Image","public://import/images/Christopher.jpg"
"45","786","3777","Filler_rabbit.jpg","image/jpeg","7562","1379712935","Image","public://import/images/Filler_rabbit.jpg"
"46","749","4778","MeganG.jpg","image/jpeg","73734","1397511797","Image","public://import/images/MeganG.jpg"
"47","748","6849","Nicki.jpg","image/jpeg","39229","1407257128","Image","public://import/images/Nicki_0.jpg"
"48","717","6573","Cheryl.jpg","image/jpeg","30174","1404761507","Image","public://import/images/Cheryl_1.jpg"
"49","666","4705","DebbieL.jpg","image/jpeg","66091","1393433653","Image","public://import/images/DebbieL.jpg"
"50","501","4242","Michelle O.JPG","image/jpeg","65679","1385399301","Image","public://import/images/Michelle O.JPG"
"51","500","4266","Sean.jpg","image/jpeg","79315","1382122173","Image","public://import/images/Sean.jpg"
"52","499","4256","Rose.JPG","image/jpeg","100356","1382119607","Image","public://import/images/Rose.JPG"
"53","498","4204","Ron.JPG","image/jpeg","127346","1382116039","Image","public://import/images/Ron.JPG"
"54","496","4250","Mike.JPG","image/jpeg","116612","1382119258","Image","public://import/images/Mike.JPG"
"55","495","4239","Michaela.JPG","image/jpeg","33285","1403295223","Image","public://import/images/Michaela.JPG"
"56","492","4178","Linda.JPG","image/jpeg","103384","1382114083","Image","public://import/images/Linda.JPG"
"57","490","4288","Karen.JPG","image/jpeg","103106","1382124089","Image","public://import/images/Karen_0.JPG"
"58","489","4087","Joseph.jpg","image/jpeg","72699","1386797680","Image","public://import/images/Joseph.jpg"
"59","487","4067","Jason.JPG","image/jpeg","102708","1382106665","Image","public://import/images/Jason.JPG"
"60","485","4123","Dean.jpg","image/jpeg","101642","1382109427","Image","public://import/images/Dean.jpg"
"61","484","4098","ChrisC.JPG","image/jpeg","101253","1382108078","Image","public://import/images/ChrisC.JPG"
"62","482","4011","Adam.JPG","image/jpeg","112212","1382046205","Image","public://import/images/Adam.JPG"
"63","449","4276","Terry.JPG","image/jpeg","94332","1382122891","Image","public://import/images/Terry.JPG"
"64","445","4221","Matt.jpg","image/jpeg","80289","1386798116","Image","public://import/images/Matt.jpg"
"65","444","6850","Maggie.jpg","image/jpeg","34702","1407257175","Image","public://import/images/Maggie_0.jpg"
"66","443","4168","LeeAnn.jpg","image/jpeg","66396","1386797994","Image","public://import/images/LeeAnn.jpg"
"67","442","10880","Kinsley.JPG","image/jpeg","28802","1474063331","Image","public://import/images/Kinsley_0.JPG"
"68","441","4161","Ken.JPG","image/jpeg","100078","1382112829","Image","public://import/images/Ken_0.JPG"
"69","439","4144","Ellen.JPG","image/jpeg","112556","1382111567","Image","public://import/images/Ellen.JPG"
"70","438","4107","Christian.jpg","image/jpeg","43244","1404761768","Image","public://import/images/Christian.jpg"
"71","437","4061","BryanV.JPG","image/jpeg","93844","1386776643","Image","public://import/images/BryanV.JPG"
"72","433","4262","SarahA.jpg","image/jpeg","99725","1386797102","Image","public://import/images/SarahA.jpg"
"73","431","4151","German.JPG","image/jpeg","106801","1382112004","Image","public://import/images/German.JPG"
"74","430","4021","Ashley.JPG","image/jpeg","65999","1386865618","Image","public://import/images/Ashley.JPG"
"75","429","4111","Christine.JPG","image/jpeg","100340","1386777034","Image","public://import/images/Christine.JPG"
"76","424","11313","Tricia_Suellentrop.png","image/png","171439","1484947896","Image","public://import/images/Tricia_Suellentrop.png"
"77","373","4274","Terri.JPG","image/jpeg","100116","1386795823","Image","public://import/images/Terri.JPG"
"78","404","4076","Jenny.JPG","image/jpeg","107866","1382107298","Image","public://import/images/Jenny.JPG"
"79","379","4013","Amanda.jpg","image/jpeg","78354","1386780608","Image","public://import/images/Amanda.jpg"
"80","340","4155","Gregg.jpg","image/jpeg","78832","1386864173","Image","public://import/images/Gregg.jpg"
"81","410","4037","Hope.JPG","image/jpeg","21606","1386865442","Image","public://import/images/Hope.JPG"
"82","414","4114","Colleen_Ollinger.jpg","image/jpeg","69855","1386777995","Image","public://import/images/Colleen_Ollinger.jpg"
"83","390","4211","Margaret.JPG","image/jpeg","52356","1403797137","Image","public://import/images/Margaret.JPG"
"84","347","4035","Becky.jpg","image/jpeg","80135","1386793165","Image","public://import/images/Becky.jpg"
"85","354","4052","Bre.JPG","image/jpeg","95395","1386780777","Image","public://import/images/Bre.JPG"
"86","418","3813","Filler_dog.jpg","image/jpeg","67823","1406320937","Image","public://import/images/Filler_dog.jpg"
"87","396","4233","MelodyK.JPG","image/jpeg","71340","1386865705","Image","public://import/images/MelodyK.JPG"
"88","362","4079","JenniferM.jpg","image/jpeg","100815","1386797596","Image","public://import/images/JenniferM.jpg"
"89","423","4175","LeslieN.jpg","image/jpeg","38948","1404830315","Image","public://import/images/LeslieN.jpg"
"90","371","6852","Marty.JPG","image/jpeg","44410","1407257260","Image","public://import/images/Marty_0.JPG"
"91","403","4264","Scott.jpg","image/jpeg","92053","1386776865","Image","public://import/images/Scott.jpg"
"92","378","4181","Lisa.JPG","image/jpeg","105521","1382114175","Image","public://import/images/Lisa.JPG"
"93","336","10882","Josh.JPG","image/jpeg","19946","1474063690","Image","public://import/images/Josh_0.JPG"
"94","408","4062","Jared.JPG","image/jpeg","85462","1386780815","Image","public://import/images/Jared.JPG"
"95","413","4235","MeredithN.JPG","image/jpeg","73704","1386777156","Image","public://import/images/MeredithN.JPG"
"96","385","4071","Jed.jpg","image/jpeg","67851","1386781502","Image","public://import/images/Jed.jpg"
"97","346","4056","Brent.JPG","image/jpeg","76357","1386776483","Image","public://import/images/Brent_0.JPG"
"98","353","4198","RachelC.jpg","image/jpeg","72308","1386781468","Image","public://import/images/RachelC.jpg"
"99","417","3775","Filler_cat.jpg","image/jpeg","8595","1399665746","Image","public://import/images/Filler_cat.jpg"
"100","395","4388","RoxanneB.jpg","image/jpeg","82022","1384555001","Image","public://import/images/RoxanneB.jpg"
"101","359","4231","Melody.jpg","image/jpeg","38965","1403790205","Image","public://import/images/Melody.jpg"
"102","422","4268","Stef.jpg","image/jpeg","69898","1386877209","Image","public://import/images/Stef.jpg"
"103","368","4391","Hilary.jpg","image/jpeg","66086","1384555330","Image","public://import/images/Hilary_0.jpg"
"104","399","4110","Julie.jpg","image/jpeg","93030","1386797379","Image","public://import/images/Julie_0.jpg"
"105","374","4244","MichelleH.JPG","image/jpeg","40643","1404760871","Image","public://import/images/MichelleH.JPG"
"106","407","4200","RachelN.JPG","image/jpeg","67206","1385398772","Image","public://import/images/RachelN.JPG"
"107","384","4059","Brian.JPG","image/jpeg","101402","1382106444","Image","public://import/images/Brian.JPG"
"108","342","6847","Helen.JPG","image/jpeg","39391","1407256814","Image","public://import/images/Helen_0.JPG"
"109","412","10879","NancyB.jpg","image/jpeg","3559","1474063149","Image","public://import/images/NancyB_0.jpg"
"110","416","4127","Debbie.JPG","image/jpeg","86081","1386781298","Image","public://import/images/Debbie.JPG"
"111","391","4195","Octavia.JPG","image/jpeg","101869","1382115248","Image","public://import/images/Octavia.JPG"
"112","348","4254","Monica.JPG","image/jpeg","61342","1382119453","Image","public://import/images/Monica.JPG"
"113","356","4139","DianeH.JPG","image/jpeg","87241","1386780714","Image","public://import/images/DianeH.JPG"
"114","419","4064","Caitlin.JPG","image/jpeg","106766","1382106610","Image","public://import/images/Caitlin.JPG"
"115","398","6853","Traci.JPG","image/jpeg","35283","1407257299","Image","public://import/images/Traci_0.JPG"
"116","365","7212","Robin.jpg","image/jpeg","45174","1412105405","Image","public://import/images/Robin_0.jpg"
"117","243","4841","JanM.jpg","image/jpeg","79390","1399665406","Image","public://import/images/JanM.jpg"
"118","241","4080","Carrie.JPG","image/jpeg","103112","1382107389","Image","public://import/images/Carrie.JPG"
"119","240","4137","Katy.JPG","image/jpeg","87246","1386864220","Image","public://import/images/Katy.JPG"
"120","239","4157","Kelly.jpg","image/jpeg","82544","1386776811","Image","public://import/images/Kelly.jpg"
"121","238","4219","MaryS.JPG","image/jpeg","97684","1386776988","Image","public://import/images/MaryS.JPG"
"122","236","4019","Angelica.JPG","image/jpeg","37324","1403796701","Image","public://import/images/Angelica.JPG"
"123","235","4039","Beth_Mar.jpg","image/jpeg","71142","1386778033","Image","public://import/images/Beth_Mar.jpg"
"124","231","4166","LauraH.JPG","image/jpeg","76106","1386776369","Image","public://import/images/LauraH.JPG"
"125","230","4196","Peggy.JPG","image/jpeg","92398","1386780497","Image","public://import/images/Peggy.JPG"
"126","229","12112","Joy3.png","image/png","193922","1500389476","Image","public://import/images/Joy3.png"
"127","228","4091","Catherine.JPG","image/jpeg","98906","1382107806","Image","public://import/images/Catherine.JPG"
"128","226","4286","Wendy.JPG","image/jpeg","106088","1382123657","Image","public://import/images/Wendy.JPG"
"129","225","4015","Amy.JPG","image/jpeg","73779","1386861891","Image","public://import/images/Amy.JPG"
"130","224","4017","Angel.JPG","image/jpeg","118970","1382046741","Image","public://import/images/Angel.JPG"
"131","223","4050","Bradley.JPG","image/jpeg","84925","1386781036","Image","public://import/images/Bradley.JPG"
"132","222","6851","Cassie.JPG","image/jpeg","40711","1407257211","Image","public://import/images/Cassie_0.JPG"
"133","220","4272","SusanG.jpg","image/jpeg","70690","1386798324","Image","public://import/images/SusanG.jpg"
"134","217","4095","Chris.JPG","image/jpeg","70701","1386779317","Image","public://import/images/Chris.JPG"
"135","216","4225","Meagan.JPG","image/jpeg","86676","1386796214","Image","public://import/images/Meagan.JPG"
"136","213","4131","Dennis.jpg","image/jpeg","94466","1382109586","Image","public://import/images/Dennis.jpg"
"137","212","4101","Christi.JPG","image/jpeg","91443","1386780683","Image","public://import/images/Christi.JPG"
"138","211","4093","Charlou.JPG","image/jpeg","99814","1386779286","Image","public://import/images/Charlou.JPG"
"139","210","11145","MeganB.png","image/png","211807","1480369412","Image","public://import/images/MeganB.png"
"140","209","4143","Dorian.JPG","image/jpeg","36687","1385399557","Image","public://import/images/Dorian.JPG"
"141","48","9963","IMG_3712.jpg","image/jpeg","51735","1456433275","Image","public://import/images/IMG_3712.jpg"
"142","44","4129","KateM.jpg","image/jpeg","73547","1386779246","Image","public://import/images/KateM.jpg"
"143","43","4248","MichelleB2.jpg","image/jpeg","78163","1386797767","Image","public://import/images/MichelleB2.jpg"
