"id","title","body","uid","caption","file_id","file_display","file_desc","image_id","alt","width","height"
"0","elementia Issue 1","","44","elementia Issue 1","186","1","elementia Issue 1","4410","","110","143"
"1","elementia Issue 2","","44","elementia Issue 2","187","1","elementia Issue 2","4411","","110","143"
"2","elementia Issue 3","","44","elementia Issue 3","188","1","elementia Issue 3","4412","","110","143"
"3","elementia Issue 4","","44","elementia Issue 4","189","1","elementia Issue 4","4413","","110","143"
"4","elementia Issue 5","","44","elementia Issue 5","190","1","elementia Issue 5","4414","","103","143"
"5","elementia Issue 6","","44","elementia Issue 6","57","1","elementia Issue 6","4415","","95","143"
"6","elementia Issue 7","","44","elementia Issue 7","58","1","elementia Issue 7","4416","","104","143"
"7","elementia Issue 8","","44","elementia Issue 8","191","1","elementia Issue 8","4417","","91","143"
"8","elementia Issue 9","","44","elementia Issue 9","192","1","elementia Issue 9","4418","","105","139"
"9","elementia Issue 10","","44","elementia Issue 10","185","1","","4419","elementia Issue 10","111","143"
"10","elementia Issue 11","","44","elementia Issue 11","4928","1","","7516","elementia Issue 11","111","143"
"11","elementia Issue 12","","44","elementia Issue 12","8030","1","","8031","elementia Issue 12","111","144"
"12","elementia Issue 13","","44","elementia Issue 13","10318","1","","10305","elementia Issue 13","111","144"
"13","elementia Issue 14","","44","elementia Issue 14","11697","1","","11696","elementia issue 14","111","144"
